วันที่,หน่วยงาน,รหัสหมวด,ชื่อหมวด,จำนวนเงิน,เลขที่เอกสาร,หมายเหตุ
2022-11-30,ฝศย. ฝ่ายเศรษฐกิจยาง,A01,ค่าใช้จ่ายเดินทาง,4140.00,,นำเข้าจากไฟล์ 49(1) · ยอดรวมเดือนพฤศจิกายน
2023-05-31,ฝศย. ฝ่ายเศรษฐกิจยาง,A01,ค่าใช้จ่ายเดินทาง,20000.00,,นำเข้าจากไฟล์ 49(1) · ยอดรวมเดือนพฤษภาคม
2023-01-31,ฝศย. ฝ่ายเศรษฐกิจยาง,A04,ค่าซ่อมแซมครุภัณฑ์,2514.50,,นำเข้าจากไฟล์ 49(1) · ยอดรวมเดือนมกราคม
2023-09-30,ฝศย. ฝ่ายเศรษฐกิจยาง,A04,ค่าซ่อมแซมครุภัณฑ์,513.60,,นำเข้าจากไฟล์ 49(1) · ยอดรวมเดือนกันยายน
2022-10-31,ฝศย. ฝ่ายเศรษฐกิจยาง,A07,ค่าวัสดุเชื้อเพลิง,2000.00,,นำเข้าจากไฟล์ 49(1) · ยอดรวมเดือนตุลาคม
2022-11-30,ฝศย. ฝ่ายเศรษฐกิจยาง,A07,ค่าวัสดุเชื้อเพลิง,2000.00,,นำเข้าจากไฟล์ 49(1) · ยอดรวมเดือนพฤศจิกายน
2022-12-31,ฝศย. ฝ่ายเศรษฐกิจยาง,A07,ค่าวัสดุเชื้อเพลิง,1000.00,,นำเข้าจากไฟล์ 49(1) · ยอดรวมเดือนธันวาคม
2023-01-31,ฝศย. ฝ่ายเศรษฐกิจยาง,A07,ค่าวัสดุเชื้อเพลิง,1000.00,,นำเข้าจากไฟล์ 49(1) · ยอดรวมเดือนมกราคม
2023-02-28,ฝศย. ฝ่ายเศรษฐกิจยาง,A07,ค่าวัสดุเชื้อเพลิง,2000.00,,นำเข้าจากไฟล์ 49(1) · ยอดรวมเดือนกุมภาพันธ์
2023-03-31,ฝศย. ฝ่ายเศรษฐกิจยาง,A07,ค่าวัสดุเชื้อเพลิง,1000.00,,นำเข้าจากไฟล์ 49(1) · ยอดรวมเดือนมีนาคม
2023-04-30,ฝศย. ฝ่ายเศรษฐกิจยาง,A07,ค่าวัสดุเชื้อเพลิง,1000.00,,นำเข้าจากไฟล์ 49(1) · ยอดรวมเดือนเมษายน
2023-05-31,ฝศย. ฝ่ายเศรษฐกิจยาง,A07,ค่าวัสดุเชื้อเพลิง,10000.00,,นำเข้าจากไฟล์ 49(1) · ยอดรวมเดือนพฤษภาคม
2023-06-30,ฝศย. ฝ่ายเศรษฐกิจยาง,A07,ค่าวัสดุเชื้อเพลิง,1000.00,,นำเข้าจากไฟล์ 49(1) · ยอดรวมเดือนมิถุนายน
2023-07-31,ฝศย. ฝ่ายเศรษฐกิจยาง,A07,ค่าวัสดุเชื้อเพลิง,1000.00,,นำเข้าจากไฟล์ 49(1) · ยอดรวมเดือนกรกฎาคม
2023-08-31,ฝศย. ฝ่ายเศรษฐกิจยาง,A07,ค่าวัสดุเชื้อเพลิง,1000.00,,นำเข้าจากไฟล์ 49(1) · ยอดรวมเดือนสิงหาคม
2023-09-30,ฝศย. ฝ่ายเศรษฐกิจยาง,A07,ค่าวัสดุเชื้อเพลิง,1000.00,,นำเข้าจากไฟล์ 49(1) · ยอดรวมเดือนกันยายน
2022-11-30,ฝศย. ฝ่ายเศรษฐกิจยาง,A08,ค่าวัสดุซ่อมแซมยานพาหนะ,6401.81,,นำเข้าจากไฟล์ 49(1) · ยอดรวมเดือนพฤศจิกายน
2023-04-30,ฝศย. ฝ่ายเศรษฐกิจยาง,A08,ค่าวัสดุซ่อมแซมยานพาหนะ,12800.00,,นำเข้าจากไฟล์ 49(1) · ยอดรวมเดือนเมษายน
2023-04-30,ฝศย. ฝ่ายเศรษฐกิจยาง,A09,ค่าวัสดุสำนักงาน,4964.80,,นำเข้าจากไฟล์ 49(1) · ยอดรวมเดือนเมษายน
2023-05-31,ฝศย. ฝ่ายเศรษฐกิจยาง,A09,ค่าวัสดุสำนักงาน,5000.00,,นำเข้าจากไฟล์ 49(1) · ยอดรวมเดือนพฤษภาคม
2022-11-30,ฝศย. ฝ่ายเศรษฐกิจยาง,A10,ค่าวัสดุไฟฟ้า,3843.44,,นำเข้าจากไฟล์ 49(1) · ยอดรวมเดือนพฤศจิกายน
2022-11-30,ฝศย. ฝ่ายเศรษฐกิจยาง,A11,ค่าวัสดุงานบ้านและงานครัว,9993.80,,นำเข้าจากไฟล์ 49(1) · ยอดรวมเดือนพฤศจิกายน
2023-05-31,ฝศย. ฝ่ายเศรษฐกิจยาง,A13,ค่าพิธีการและพวงมาลา,1000.00,,นำเข้าจากไฟล์ 49(1) · ยอดรวมเดือนพฤษภาคม
2023-04-30,ฝศย. ฝ่ายเศรษฐกิจยาง,A16,ค่าเช่าที่ดิน/ที่ราชพัสดุ,545878.00,,นำเข้าจากไฟล์ 49(1) · ยอดรวมเดือนเมษายน
2022-12-31,ฝศย. ฝ่ายเศรษฐกิจยาง,A17,ค่ารับรอง,12590.00,,นำเข้าจากไฟล์ 49(1) · ยอดรวมเดือนธันวาคม
2023-01-31,ฝศย. ฝ่ายเศรษฐกิจยาง,A17,ค่ารับรอง,8642.28,,นำเข้าจากไฟล์ 49(1) · ยอดรวมเดือนมกราคม
2023-04-30,ฝศย. ฝ่ายเศรษฐกิจยาง,A17,ค่ารับรอง,1050.00,,นำเข้าจากไฟล์ 49(1) · ยอดรวมเดือนเมษายน
2023-05-31,ฝศย. ฝ่ายเศรษฐกิจยาง,A17,ค่ารับรอง,20000.00,,นำเข้าจากไฟล์ 49(1) · ยอดรวมเดือนพฤษภาคม
2022-10-31,ฝศย. ฝ่ายเศรษฐกิจยาง,B04,ค่าโทรศัพท์เเละโทรสาร,856.00,,นำเข้าจากไฟล์ 49(1) · ยอดรวมเดือนตุลาคม
2022-11-30,ฝศย. ฝ่ายเศรษฐกิจยาง,B04,ค่าโทรศัพท์เเละโทรสาร,893.61,,นำเข้าจากไฟล์ 49(1) · ยอดรวมเดือนพฤศจิกายน
2022-12-31,ฝศย. ฝ่ายเศรษฐกิจยาง,B04,ค่าโทรศัพท์เเละโทรสาร,864.13,,นำเข้าจากไฟล์ 49(1) · ยอดรวมเดือนธันวาคม
2023-01-31,ฝศย. ฝ่ายเศรษฐกิจยาง,B04,ค่าโทรศัพท์เเละโทรสาร,863.12,,นำเข้าจากไฟล์ 49(1) · ยอดรวมเดือนมกราคม
2023-02-28,ฝศย. ฝ่ายเศรษฐกิจยาง,B04,ค่าโทรศัพท์เเละโทรสาร,856.00,,นำเข้าจากไฟล์ 49(1) · ยอดรวมเดือนกุมภาพันธ์
2023-03-31,ฝศย. ฝ่ายเศรษฐกิจยาง,B04,ค่าโทรศัพท์เเละโทรสาร,856.00,,นำเข้าจากไฟล์ 49(1) · ยอดรวมเดือนมีนาคม
2023-04-30,ฝศย. ฝ่ายเศรษฐกิจยาง,B04,ค่าโทรศัพท์เเละโทรสาร,856.00,,นำเข้าจากไฟล์ 49(1) · ยอดรวมเดือนเมษายน
2023-05-31,ฝศย. ฝ่ายเศรษฐกิจยาง,B04,ค่าโทรศัพท์เเละโทรสาร,6856.00,,นำเข้าจากไฟล์ 49(1) · ยอดรวมเดือนพฤษภาคม
2023-06-30,ฝศย. ฝ่ายเศรษฐกิจยาง,B04,ค่าโทรศัพท์เเละโทรสาร,813.20,,นำเข้าจากไฟล์ 49(1) · ยอดรวมเดือนมิถุนายน
2022-10-31,ฝศย. ฝ่ายเศรษฐกิจยาง,A03-1,ค่าจ้างเหมาบริการรักษาความปลอดภัย,41000.00,,นำเข้าจากไฟล์ 49(1) · ยอดรวมเดือนตุลาคม
2022-11-30,ฝศย. ฝ่ายเศรษฐกิจยาง,A03-1,ค่าจ้างเหมาบริการรักษาความปลอดภัย,41000.00,,นำเข้าจากไฟล์ 49(1) · ยอดรวมเดือนพฤศจิกายน
2022-12-31,ฝศย. ฝ่ายเศรษฐกิจยาง,A03-1,ค่าจ้างเหมาบริการรักษาความปลอดภัย,41000.00,,นำเข้าจากไฟล์ 49(1) · ยอดรวมเดือนธันวาคม
2023-01-31,ฝศย. ฝ่ายเศรษฐกิจยาง,A03-1,ค่าจ้างเหมาบริการรักษาความปลอดภัย,41000.00,,นำเข้าจากไฟล์ 49(1) · ยอดรวมเดือนมกราคม
2023-02-28,ฝศย. ฝ่ายเศรษฐกิจยาง,A03-1,ค่าจ้างเหมาบริการรักษาความปลอดภัย,41000.00,,นำเข้าจากไฟล์ 49(1) · ยอดรวมเดือนกุมภาพันธ์
2023-03-31,ฝศย. ฝ่ายเศรษฐกิจยาง,A03-1,ค่าจ้างเหมาบริการรักษาความปลอดภัย,41000.00,,นำเข้าจากไฟล์ 49(1) · ยอดรวมเดือนมีนาคม
2023-04-30,ฝศย. ฝ่ายเศรษฐกิจยาง,A03-1,ค่าจ้างเหมาบริการรักษาความปลอดภัย,41000.00,,นำเข้าจากไฟล์ 49(1) · ยอดรวมเดือนเมษายน
2023-05-31,ฝศย. ฝ่ายเศรษฐกิจยาง,A03-1,ค่าจ้างเหมาบริการรักษาความปลอดภัย,41000.00,,นำเข้าจากไฟล์ 49(1) · ยอดรวมเดือนพฤษภาคม
2023-06-30,ฝศย. ฝ่ายเศรษฐกิจยาง,A03-1,ค่าจ้างเหมาบริการรักษาความปลอดภัย,41000.00,,นำเข้าจากไฟล์ 49(1) · ยอดรวมเดือนมิถุนายน
2023-07-31,ฝศย. ฝ่ายเศรษฐกิจยาง,A03-1,ค่าจ้างเหมาบริการรักษาความปลอดภัย,41000.00,,นำเข้าจากไฟล์ 49(1) · ยอดรวมเดือนกรกฎาคม
2023-08-31,ฝศย. ฝ่ายเศรษฐกิจยาง,A03-1,ค่าจ้างเหมาบริการรักษาความปลอดภัย,41000.00,,นำเข้าจากไฟล์ 49(1) · ยอดรวมเดือนสิงหาคม
2022-10-31,ฝศย. ฝ่ายเศรษฐกิจยาง,A03-2,ค่าจ้างเหมาบริการตัดหญ้า,2500.00,,นำเข้าจากไฟล์ 49(1) · ยอดรวมเดือนตุลาคม
2022-11-30,ฝศย. ฝ่ายเศรษฐกิจยาง,A03-2,ค่าจ้างเหมาบริการตัดหญ้า,2500.00,,นำเข้าจากไฟล์ 49(1) · ยอดรวมเดือนพฤศจิกายน
2022-12-31,ฝศย. ฝ่ายเศรษฐกิจยาง,A03-2,ค่าจ้างเหมาบริการตัดหญ้า,2500.00,,นำเข้าจากไฟล์ 49(1) · ยอดรวมเดือนธันวาคม
2023-01-31,ฝศย. ฝ่ายเศรษฐกิจยาง,A03-2,ค่าจ้างเหมาบริการตัดหญ้า,2500.00,,นำเข้าจากไฟล์ 49(1) · ยอดรวมเดือนมกราคม
2023-02-28,ฝศย. ฝ่ายเศรษฐกิจยาง,A03-2,ค่าจ้างเหมาบริการตัดหญ้า,2500.00,,นำเข้าจากไฟล์ 49(1) · ยอดรวมเดือนกุมภาพันธ์
2023-03-31,ฝศย. ฝ่ายเศรษฐกิจยาง,A03-2,ค่าจ้างเหมาบริการตัดหญ้า,2500.00,,นำเข้าจากไฟล์ 49(1) · ยอดรวมเดือนมีนาคม
2023-04-30,ฝศย. ฝ่ายเศรษฐกิจยาง,A03-2,ค่าจ้างเหมาบริการตัดหญ้า,2500.00,,นำเข้าจากไฟล์ 49(1) · ยอดรวมเดือนเมษายน
2023-05-31,ฝศย. ฝ่ายเศรษฐกิจยาง,A03-2,ค่าจ้างเหมาบริการตัดหญ้า,2500.00,,นำเข้าจากไฟล์ 49(1) · ยอดรวมเดือนพฤษภาคม
2023-06-30,ฝศย. ฝ่ายเศรษฐกิจยาง,A03-2,ค่าจ้างเหมาบริการตัดหญ้า,2500.00,,นำเข้าจากไฟล์ 49(1) · ยอดรวมเดือนมิถุนายน
2023-07-31,ฝศย. ฝ่ายเศรษฐกิจยาง,A03-2,ค่าจ้างเหมาบริการตัดหญ้า,2500.00,,นำเข้าจากไฟล์ 49(1) · ยอดรวมเดือนกรกฎาคม
2023-08-31,ฝศย. ฝ่ายเศรษฐกิจยาง,A03-2,ค่าจ้างเหมาบริการตัดหญ้า,2500.00,,นำเข้าจากไฟล์ 49(1) · ยอดรวมเดือนสิงหาคม
2023-03-31,ฝศย. ฝ่ายเศรษฐกิจยาง,A03-3,ค่าจ้างเหมาบริการกำจัดปลวก,6000.00,,นำเข้าจากไฟล์ 49(1) · ยอดรวมเดือนมีนาคม
2023-09-30,ฝศย. ฝ่ายเศรษฐกิจยาง,A03-3,ค่าจ้างเหมาบริการกำจัดปลวก,6000.00,,นำเข้าจากไฟล์ 49(1) · ยอดรวมเดือนกันยายน
2023-07-31,ฝศย. ฝ่ายเศรษฐกิจยาง,A03-5,ค่าจ้างเหมาตัดแต่งกิ่งไม้,8600.00,,นำเข้าจากไฟล์ 49(1) · ยอดรวมเดือนกรกฎาคม
2022-11-30,ฝศย. ฝ่ายเศรษฐกิจยาง,A03-8,ค่าจ้างเหมาบริการบำรุงรักษาแอร์,6687.50,,นำเข้าจากไฟล์ 49(1) · ยอดรวมเดือนพฤศจิกายน
2022-12-31,ฝศย. ฝ่ายเศรษฐกิจยาง,A03-8,ค่าจ้างเหมาบริการบำรุงรักษาแอร์,11235.00,,นำเข้าจากไฟล์ 49(1) · ยอดรวมเดือนธันวาคม
2022-10-31,ฝศย. ฝ่ายเศรษฐกิจยาง,A03-9,ค่าจ้างเหมาทำความสะอาดรอบอาคาร,1000.00,,นำเข้าจากไฟล์ 49(1) · ยอดรวมเดือนตุลาคม
2022-11-30,ฝศย. ฝ่ายเศรษฐกิจยาง,A03-9,ค่าจ้างเหมาทำความสะอาดรอบอาคาร,1000.00,,นำเข้าจากไฟล์ 49(1) · ยอดรวมเดือนพฤศจิกายน
2022-12-31,ฝศย. ฝ่ายเศรษฐกิจยาง,A03-9,ค่าจ้างเหมาทำความสะอาดรอบอาคาร,1000.00,,นำเข้าจากไฟล์ 49(1) · ยอดรวมเดือนธันวาคม
2023-01-31,ฝศย. ฝ่ายเศรษฐกิจยาง,A03-9,ค่าจ้างเหมาทำความสะอาดรอบอาคาร,1000.00,,นำเข้าจากไฟล์ 49(1) · ยอดรวมเดือนมกราคม
2023-02-28,ฝศย. ฝ่ายเศรษฐกิจยาง,A03-9,ค่าจ้างเหมาทำความสะอาดรอบอาคาร,1000.00,,นำเข้าจากไฟล์ 49(1) · ยอดรวมเดือนกุมภาพันธ์
2023-03-31,ฝศย. ฝ่ายเศรษฐกิจยาง,A03-9,ค่าจ้างเหมาทำความสะอาดรอบอาคาร,1000.00,,นำเข้าจากไฟล์ 49(1) · ยอดรวมเดือนมีนาคม
2023-04-30,ฝศย. ฝ่ายเศรษฐกิจยาง,A03-9,ค่าจ้างเหมาทำความสะอาดรอบอาคาร,1000.00,,นำเข้าจากไฟล์ 49(1) · ยอดรวมเดือนเมษายน
2023-05-31,ฝศย. ฝ่ายเศรษฐกิจยาง,A03-9,ค่าจ้างเหมาทำความสะอาดรอบอาคาร,1000.00,,นำเข้าจากไฟล์ 49(1) · ยอดรวมเดือนพฤษภาคม
2023-06-30,ฝศย. ฝ่ายเศรษฐกิจยาง,A03-9,ค่าจ้างเหมาทำความสะอาดรอบอาคาร,1000.00,,นำเข้าจากไฟล์ 49(1) · ยอดรวมเดือนมิถุนายน
2023-07-31,ฝศย. ฝ่ายเศรษฐกิจยาง,A03-9,ค่าจ้างเหมาทำความสะอาดรอบอาคาร,1000.00,,นำเข้าจากไฟล์ 49(1) · ยอดรวมเดือนกรกฎาคม
2023-08-31,ฝศย. ฝ่ายเศรษฐกิจยาง,A03-9,ค่าจ้างเหมาทำความสะอาดรอบอาคาร,1000.00,,นำเข้าจากไฟล์ 49(1) · ยอดรวมเดือนสิงหาคม
2023-10-31,ฝศย. ฝ่ายเศรษฐกิจยาง,A07,ค่าวัสดุเชื้อเพลิง,1000.00,,นำเข้าจากไฟล์ 49(1) · ยอดรวมเดือนตุลาคม
2023-11-30,ฝศย. ฝ่ายเศรษฐกิจยาง,A07,ค่าวัสดุเชื้อเพลิง,1000.00,,นำเข้าจากไฟล์ 49(1) · ยอดรวมเดือนพฤศจิกายน
2023-12-31,ฝศย. ฝ่ายเศรษฐกิจยาง,A07,ค่าวัสดุเชื้อเพลิง,1000.00,,นำเข้าจากไฟล์ 49(1) · ยอดรวมเดือนธันวาคม
2024-01-31,ฝศย. ฝ่ายเศรษฐกิจยาง,A07,ค่าวัสดุเชื้อเพลิง,3000.00,,นำเข้าจากไฟล์ 49(1) · ยอดรวมเดือนมกราคม
2024-02-29,ฝศย. ฝ่ายเศรษฐกิจยาง,A07,ค่าวัสดุเชื้อเพลิง,1000.00,,นำเข้าจากไฟล์ 49(1) · ยอดรวมเดือนกุมภาพันธ์
2024-03-31,ฝศย. ฝ่ายเศรษฐกิจยาง,A07,ค่าวัสดุเชื้อเพลิง,1000.00,,นำเข้าจากไฟล์ 49(1) · ยอดรวมเดือนมีนาคม
2024-04-30,ฝศย. ฝ่ายเศรษฐกิจยาง,A07,ค่าวัสดุเชื้อเพลิง,1000.00,,นำเข้าจากไฟล์ 49(1) · ยอดรวมเดือนเมษายน
2024-05-31,ฝศย. ฝ่ายเศรษฐกิจยาง,A07,ค่าวัสดุเชื้อเพลิง,1000.00,,นำเข้าจากไฟล์ 49(1) · ยอดรวมเดือนพฤษภาคม
2024-02-29,ฝศย. ฝ่ายเศรษฐกิจยาง,A09,ค่าวัสดุสำนักงาน,4066.00,,นำเข้าจากไฟล์ 49(1) · ยอดรวมเดือนกุมภาพันธ์
2024-03-31,ฝศย. ฝ่ายเศรษฐกิจยาง,A09,ค่าวัสดุสำนักงาน,16355.00,,นำเข้าจากไฟล์ 49(1) · ยอดรวมเดือนมีนาคม
2024-01-31,ฝศย. ฝ่ายเศรษฐกิจยาง,A11,ค่าวัสดุงานบ้านและงานครัว,7986.48,,นำเข้าจากไฟล์ 49(1) · ยอดรวมเดือนมกราคม
2024-05-31,ฝศย. ฝ่ายเศรษฐกิจยาง,A15,ค่าภาษีโรงเรือนและที่ดิน,278609.11,,นำเข้าจากไฟล์ 49(1) · ยอดรวมเดือนพฤษภาคม
2023-11-30,ฝศย. ฝ่ายเศรษฐกิจยาง,A17,ค่ารับรอง,1042.75,,นำเข้าจากไฟล์ 49(1) · ยอดรวมเดือนพฤศจิกายน
2024-01-31,ฝศย. ฝ่ายเศรษฐกิจยาง,A17,ค่ารับรอง,5000.00,,นำเข้าจากไฟล์ 49(1) · ยอดรวมเดือนมกราคม
2023-10-31,ฝศย. ฝ่ายเศรษฐกิจยาง,B04,ค่าโทรศัพท์เเละโทรสาร,406.60,,นำเข้าจากไฟล์ 49(1) · ยอดรวมเดือนตุลาคม
2023-11-30,ฝศย. ฝ่ายเศรษฐกิจยาง,B04,ค่าโทรศัพท์เเละโทรสาร,406.60,,นำเข้าจากไฟล์ 49(1) · ยอดรวมเดือนพฤศจิกายน
2023-12-31,ฝศย. ฝ่ายเศรษฐกิจยาง,B04,ค่าโทรศัพท์เเละโทรสาร,409.65,,นำเข้าจากไฟล์ 49(1) · ยอดรวมเดือนธันวาคม
2024-01-31,ฝศย. ฝ่ายเศรษฐกิจยาง,B04,ค่าโทรศัพท์เเละโทรสาร,406.60,,นำเข้าจากไฟล์ 49(1) · ยอดรวมเดือนมกราคม
2024-02-29,ฝศย. ฝ่ายเศรษฐกิจยาง,B04,ค่าโทรศัพท์เเละโทรสาร,422.86,,นำเข้าจากไฟล์ 49(1) · ยอดรวมเดือนกุมภาพันธ์
2024-03-31,ฝศย. ฝ่ายเศรษฐกิจยาง,B04,ค่าโทรศัพท์เเละโทรสาร,408.63,,นำเข้าจากไฟล์ 49(1) · ยอดรวมเดือนมีนาคม
2023-10-31,ฝศย. ฝ่ายเศรษฐกิจยาง,A03-1,ค่าจ้างเหมาบริการรักษาความปลอดภัย,43800.00,,นำเข้าจากไฟล์ 49(1) · ยอดรวมเดือนตุลาคม
2023-11-30,ฝศย. ฝ่ายเศรษฐกิจยาง,A03-1,ค่าจ้างเหมาบริการรักษาความปลอดภัย,43800.00,,นำเข้าจากไฟล์ 49(1) · ยอดรวมเดือนพฤศจิกายน
2023-12-31,ฝศย. ฝ่ายเศรษฐกิจยาง,A03-1,ค่าจ้างเหมาบริการรักษาความปลอดภัย,43800.00,,นำเข้าจากไฟล์ 49(1) · ยอดรวมเดือนธันวาคม
2024-01-31,ฝศย. ฝ่ายเศรษฐกิจยาง,A03-1,ค่าจ้างเหมาบริการรักษาความปลอดภัย,43800.00,,นำเข้าจากไฟล์ 49(1) · ยอดรวมเดือนมกราคม
2024-02-29,ฝศย. ฝ่ายเศรษฐกิจยาง,A03-1,ค่าจ้างเหมาบริการรักษาความปลอดภัย,43800.00,,นำเข้าจากไฟล์ 49(1) · ยอดรวมเดือนกุมภาพันธ์
2024-03-31,ฝศย. ฝ่ายเศรษฐกิจยาง,A03-1,ค่าจ้างเหมาบริการรักษาความปลอดภัย,43800.00,,นำเข้าจากไฟล์ 49(1) · ยอดรวมเดือนมีนาคม
2024-04-30,ฝศย. ฝ่ายเศรษฐกิจยาง,A03-1,ค่าจ้างเหมาบริการรักษาความปลอดภัย,43800.00,,นำเข้าจากไฟล์ 49(1) · ยอดรวมเดือนเมษายน
2023-10-31,ฝศย. ฝ่ายเศรษฐกิจยาง,A03-2,ค่าจ้างเหมาบริการตัดหญ้า,2500.00,,นำเข้าจากไฟล์ 49(1) · ยอดรวมเดือนตุลาคม
2023-11-30,ฝศย. ฝ่ายเศรษฐกิจยาง,A03-2,ค่าจ้างเหมาบริการตัดหญ้า,2500.00,,นำเข้าจากไฟล์ 49(1) · ยอดรวมเดือนพฤศจิกายน
2023-12-31,ฝศย. ฝ่ายเศรษฐกิจยาง,A03-2,ค่าจ้างเหมาบริการตัดหญ้า,2500.00,,นำเข้าจากไฟล์ 49(1) · ยอดรวมเดือนธันวาคม
2024-01-31,ฝศย. ฝ่ายเศรษฐกิจยาง,A03-2,ค่าจ้างเหมาบริการตัดหญ้า,2500.00,,นำเข้าจากไฟล์ 49(1) · ยอดรวมเดือนมกราคม
2024-02-29,ฝศย. ฝ่ายเศรษฐกิจยาง,A03-2,ค่าจ้างเหมาบริการตัดหญ้า,2500.00,,นำเข้าจากไฟล์ 49(1) · ยอดรวมเดือนกุมภาพันธ์
2024-03-31,ฝศย. ฝ่ายเศรษฐกิจยาง,A03-2,ค่าจ้างเหมาบริการตัดหญ้า,2500.00,,นำเข้าจากไฟล์ 49(1) · ยอดรวมเดือนมีนาคม
2024-04-30,ฝศย. ฝ่ายเศรษฐกิจยาง,A03-2,ค่าจ้างเหมาบริการตัดหญ้า,2500.00,,นำเข้าจากไฟล์ 49(1) · ยอดรวมเดือนเมษายน
2024-04-30,ฝศย. ฝ่ายเศรษฐกิจยาง,A03-3,ค่าจ้างเหมาบริการกำจัดปลวก,6000.00,,นำเข้าจากไฟล์ 49(1) · ยอดรวมเดือนเมษายน
2023-10-31,ฝศย. ฝ่ายเศรษฐกิจยาง,A03-9,ค่าจ้างเหมาทำความสะอาดรอบอาคาร,1000.00,,นำเข้าจากไฟล์ 49(1) · ยอดรวมเดือนตุลาคม
2023-11-30,ฝศย. ฝ่ายเศรษฐกิจยาง,A03-9,ค่าจ้างเหมาทำความสะอาดรอบอาคาร,1000.00,,นำเข้าจากไฟล์ 49(1) · ยอดรวมเดือนพฤศจิกายน
2023-12-31,ฝศย. ฝ่ายเศรษฐกิจยาง,A03-9,ค่าจ้างเหมาทำความสะอาดรอบอาคาร,1000.00,,นำเข้าจากไฟล์ 49(1) · ยอดรวมเดือนธันวาคม
2024-01-31,ฝศย. ฝ่ายเศรษฐกิจยาง,A03-9,ค่าจ้างเหมาทำความสะอาดรอบอาคาร,1000.00,,นำเข้าจากไฟล์ 49(1) · ยอดรวมเดือนมกราคม
2024-02-29,ฝศย. ฝ่ายเศรษฐกิจยาง,A03-9,ค่าจ้างเหมาทำความสะอาดรอบอาคาร,1000.00,,นำเข้าจากไฟล์ 49(1) · ยอดรวมเดือนกุมภาพันธ์
2024-03-31,ฝศย. ฝ่ายเศรษฐกิจยาง,A03-9,ค่าจ้างเหมาทำความสะอาดรอบอาคาร,1000.00,,นำเข้าจากไฟล์ 49(1) · ยอดรวมเดือนมีนาคม
2024-04-30,ฝศย. ฝ่ายเศรษฐกิจยาง,A03-9,ค่าจ้างเหมาทำความสะอาดรอบอาคาร,1000.00,,นำเข้าจากไฟล์ 49(1) · ยอดรวมเดือนเมษายน
2024-10-31,ฝศย. ฝ่ายเศรษฐกิจยาง,A01,ค่าใช้จ่ายเดินทาง,10820.00,,นำเข้าจากไฟล์ 49(1) · ยอดรวมเดือนตุลาคม
2024-11-30,ฝศย. ฝ่ายเศรษฐกิจยาง,A01,ค่าใช้จ่ายเดินทาง,5194.00,,นำเข้าจากไฟล์ 49(1) · ยอดรวมเดือนพฤศจิกายน
2024-10-31,ฝศย. ฝ่ายเศรษฐกิจยาง,A07,ค่าวัสดุเชื้อเพลิง,2000.00,,นำเข้าจากไฟล์ 49(1) · ยอดรวมเดือนตุลาคม
2024-11-30,ฝศย. ฝ่ายเศรษฐกิจยาง,A07,ค่าวัสดุเชื้อเพลิง,1000.00,,นำเข้าจากไฟล์ 49(1) · ยอดรวมเดือนพฤศจิกายน
2024-12-31,ฝศย. ฝ่ายเศรษฐกิจยาง,A07,ค่าวัสดุเชื้อเพลิง,1000.00,,นำเข้าจากไฟล์ 49(1) · ยอดรวมเดือนธันวาคม
2025-01-31,ฝศย. ฝ่ายเศรษฐกิจยาง,A07,ค่าวัสดุเชื้อเพลิง,1000.00,,นำเข้าจากไฟล์ 49(1) · ยอดรวมเดือนมกราคม
2025-02-28,ฝศย. ฝ่ายเศรษฐกิจยาง,A07,ค่าวัสดุเชื้อเพลิง,2000.00,,นำเข้าจากไฟล์ 49(1) · ยอดรวมเดือนกุมภาพันธ์
2025-03-31,ฝศย. ฝ่ายเศรษฐกิจยาง,A07,ค่าวัสดุเชื้อเพลิง,1000.00,,นำเข้าจากไฟล์ 49(1) · ยอดรวมเดือนมีนาคม
2025-04-30,ฝศย. ฝ่ายเศรษฐกิจยาง,A07,ค่าวัสดุเชื้อเพลิง,1340.00,,นำเข้าจากไฟล์ 49(1) · ยอดรวมเดือนเมษายน
2025-05-31,ฝศย. ฝ่ายเศรษฐกิจยาง,A07,ค่าวัสดุเชื้อเพลิง,1000.00,,นำเข้าจากไฟล์ 49(1) · ยอดรวมเดือนพฤษภาคม
2025-06-30,ฝศย. ฝ่ายเศรษฐกิจยาง,A07,ค่าวัสดุเชื้อเพลิง,1000.00,,นำเข้าจากไฟล์ 49(1) · ยอดรวมเดือนมิถุนายน
2025-07-31,ฝศย. ฝ่ายเศรษฐกิจยาง,A07,ค่าวัสดุเชื้อเพลิง,1000.00,,นำเข้าจากไฟล์ 49(1) · ยอดรวมเดือนกรกฎาคม
2024-10-31,ฝศย. ฝ่ายเศรษฐกิจยาง,A08,ค่าวัสดุซ่อมแซมยานพาหนะ,6000.00,,นำเข้าจากไฟล์ 49(1) · ยอดรวมเดือนตุลาคม
2025-02-28,ฝศย. ฝ่ายเศรษฐกิจยาง,A08,ค่าวัสดุซ่อมแซมยานพาหนะ,4426.00,,นำเข้าจากไฟล์ 49(1) · ยอดรวมเดือนกุมภาพันธ์
2025-06-30,ฝศย. ฝ่ายเศรษฐกิจยาง,A08,ค่าวัสดุซ่อมแซมยานพาหนะ,2675.00,,นำเข้าจากไฟล์ 49(1) · ยอดรวมเดือนมิถุนายน
2024-11-30,ฝศย. ฝ่ายเศรษฐกิจยาง,A09,ค่าวัสดุสำนักงาน,4643.80,,นำเข้าจากไฟล์ 49(1) · ยอดรวมเดือนพฤศจิกายน
2025-01-31,ฝศย. ฝ่ายเศรษฐกิจยาง,A09,ค่าวัสดุสำนักงาน,7490.00,,นำเข้าจากไฟล์ 49(1) · ยอดรวมเดือนมกราคม
2025-02-28,ฝศย. ฝ่ายเศรษฐกิจยาง,A09,ค่าวัสดุสำนักงาน,3852.00,,นำเข้าจากไฟล์ 49(1) · ยอดรวมเดือนกุมภาพันธ์
2024-11-30,ฝศย. ฝ่ายเศรษฐกิจยาง,A11,ค่าวัสดุงานบ้านและงานครัว,9984.17,,นำเข้าจากไฟล์ 49(1) · ยอดรวมเดือนพฤศจิกายน
2024-10-31,ฝศย. ฝ่ายเศรษฐกิจยาง,A12,ค่าเบี้ยประกันภัยต่างๆ,6002.00,,นำเข้าจากไฟล์ 49(1) · ยอดรวมเดือนตุลาคม
2025-07-31,ฝศย. ฝ่ายเศรษฐกิจยาง,A17,ค่ารับรอง,3810.00,,นำเข้าจากไฟล์ 49(1) · ยอดรวมเดือนกรกฎาคม
2024-10-31,ฝศย. ฝ่ายเศรษฐกิจยาง,B01,ค่าไฟฟ้า,3193.00,,นำเข้าจากไฟล์ 49(1) · ยอดรวมเดือนตุลาคม
2024-11-30,ฝศย. ฝ่ายเศรษฐกิจยาง,B01,ค่าไฟฟ้า,3423.00,,นำเข้าจากไฟล์ 49(1) · ยอดรวมเดือนพฤศจิกายน
2024-12-31,ฝศย. ฝ่ายเศรษฐกิจยาง,B01,ค่าไฟฟ้า,2951.00,,นำเข้าจากไฟล์ 49(1) · ยอดรวมเดือนธันวาคม
2025-01-31,ฝศย. ฝ่ายเศรษฐกิจยาง,B01,ค่าไฟฟ้า,2766.00,,นำเข้าจากไฟล์ 49(1) · ยอดรวมเดือนมกราคม
2025-02-28,ฝศย. ฝ่ายเศรษฐกิจยาง,B01,ค่าไฟฟ้า,2239.00,,นำเข้าจากไฟล์ 49(1) · ยอดรวมเดือนกุมภาพันธ์
2025-03-31,ฝศย. ฝ่ายเศรษฐกิจยาง,B01,ค่าไฟฟ้า,2239.00,,นำเข้าจากไฟล์ 49(1) · ยอดรวมเดือนมีนาคม
2025-04-30,ฝศย. ฝ่ายเศรษฐกิจยาง,B01,ค่าไฟฟ้า,3033.00,,นำเข้าจากไฟล์ 49(1) · ยอดรวมเดือนเมษายน
2025-05-31,ฝศย. ฝ่ายเศรษฐกิจยาง,B01,ค่าไฟฟ้า,3298.00,,นำเข้าจากไฟล์ 49(1) · ยอดรวมเดือนพฤษภาคม
2025-06-30,ฝศย. ฝ่ายเศรษฐกิจยาง,B01,ค่าไฟฟ้า,4145.00,,นำเข้าจากไฟล์ 49(1) · ยอดรวมเดือนมิถุนายน
2025-07-31,ฝศย. ฝ่ายเศรษฐกิจยาง,B01,ค่าไฟฟ้า,3515.00,,นำเข้าจากไฟล์ 49(1) · ยอดรวมเดือนกรกฎาคม
2025-08-31,ฝศย. ฝ่ายเศรษฐกิจยาง,B01,ค่าไฟฟ้า,3929.00,,นำเข้าจากไฟล์ 49(1) · ยอดรวมเดือนสิงหาคม
2025-09-30,ฝศย. ฝ่ายเศรษฐกิจยาง,B01,ค่าไฟฟ้า,3616.00,,นำเข้าจากไฟล์ 49(1) · ยอดรวมเดือนกันยายน
2024-10-31,ฝศย. ฝ่ายเศรษฐกิจยาง,B02,ค่าประปา,63.00,,นำเข้าจากไฟล์ 49(1) · ยอดรวมเดือนตุลาคม
2024-11-30,ฝศย. ฝ่ายเศรษฐกิจยาง,B02,ค่าประปา,46.00,,นำเข้าจากไฟล์ 49(1) · ยอดรวมเดือนพฤศจิกายน
2024-12-31,ฝศย. ฝ่ายเศรษฐกิจยาง,B02,ค่าประปา,47.00,,นำเข้าจากไฟล์ 49(1) · ยอดรวมเดือนธันวาคม
2025-01-31,ฝศย. ฝ่ายเศรษฐกิจยาง,B02,ค่าประปา,45.00,,นำเข้าจากไฟล์ 49(1) · ยอดรวมเดือนมกราคม
2025-02-28,ฝศย. ฝ่ายเศรษฐกิจยาง,B02,ค่าประปา,87.00,,นำเข้าจากไฟล์ 49(1) · ยอดรวมเดือนกุมภาพันธ์
2025-03-31,ฝศย. ฝ่ายเศรษฐกิจยาง,B02,ค่าประปา,107.00,,นำเข้าจากไฟล์ 49(1) · ยอดรวมเดือนมีนาคม
2025-04-30,ฝศย. ฝ่ายเศรษฐกิจยาง,B02,ค่าประปา,146.00,,นำเข้าจากไฟล์ 49(1) · ยอดรวมเดือนเมษายน
2025-05-31,ฝศย. ฝ่ายเศรษฐกิจยาง,B02,ค่าประปา,146.00,,นำเข้าจากไฟล์ 49(1) · ยอดรวมเดือนพฤษภาคม
2025-06-30,ฝศย. ฝ่ายเศรษฐกิจยาง,B02,ค่าประปา,111.00,,นำเข้าจากไฟล์ 49(1) · ยอดรวมเดือนมิถุนายน
2025-07-31,ฝศย. ฝ่ายเศรษฐกิจยาง,B02,ค่าประปา,131.00,,นำเข้าจากไฟล์ 49(1) · ยอดรวมเดือนกรกฎาคม
2025-08-31,ฝศย. ฝ่ายเศรษฐกิจยาง,B02,ค่าประปา,129.00,,นำเข้าจากไฟล์ 49(1) · ยอดรวมเดือนสิงหาคม
2025-09-30,ฝศย. ฝ่ายเศรษฐกิจยาง,B02,ค่าประปา,140.00,,นำเข้าจากไฟล์ 49(1) · ยอดรวมเดือนกันยายน
2024-10-31,ฝศย. ฝ่ายเศรษฐกิจยาง,B04,ค่าโทรศัพท์เเละโทรสาร,409.65,,นำเข้าจากไฟล์ 49(1) · ยอดรวมเดือนตุลาคม
2024-11-30,ฝศย. ฝ่ายเศรษฐกิจยาง,B04,ค่าโทรศัพท์เเละโทรสาร,424.90,,นำเข้าจากไฟล์ 49(1) · ยอดรวมเดือนพฤศจิกายน
2024-12-31,ฝศย. ฝ่ายเศรษฐกิจยาง,B04,ค่าโทรศัพท์เเละโทรสาร,410.67,,นำเข้าจากไฟล์ 49(1) · ยอดรวมเดือนธันวาคม
2025-01-31,ฝศย. ฝ่ายเศรษฐกิจยาง,B04,ค่าโทรศัพท์เเละโทรสาร,428.96,,นำเข้าจากไฟล์ 49(1) · ยอดรวมเดือนมกราคม
2025-02-28,ฝศย. ฝ่ายเศรษฐกิจยาง,B04,ค่าโทรศัพท์เเละโทรสาร,406.60,,นำเข้าจากไฟล์ 49(1) · ยอดรวมเดือนกุมภาพันธ์
2025-03-31,ฝศย. ฝ่ายเศรษฐกิจยาง,B04,ค่าโทรศัพท์เเละโทรสาร,406.60,,นำเข้าจากไฟล์ 49(1) · ยอดรวมเดือนมีนาคม
2025-04-30,ฝศย. ฝ่ายเศรษฐกิจยาง,B04,ค่าโทรศัพท์เเละโทรสาร,412.70,,นำเข้าจากไฟล์ 49(1) · ยอดรวมเดือนเมษายน
2025-05-31,ฝศย. ฝ่ายเศรษฐกิจยาง,B04,ค่าโทรศัพท์เเละโทรสาร,415.75,,นำเข้าจากไฟล์ 49(1) · ยอดรวมเดือนพฤษภาคม
2025-06-30,ฝศย. ฝ่ายเศรษฐกิจยาง,B04,ค่าโทรศัพท์เเละโทรสาร,408.63,,นำเข้าจากไฟล์ 49(1) · ยอดรวมเดือนมิถุนายน
2025-07-31,ฝศย. ฝ่ายเศรษฐกิจยาง,B04,ค่าโทรศัพท์เเละโทรสาร,410.67,,นำเข้าจากไฟล์ 49(1) · ยอดรวมเดือนกรกฎาคม
2024-10-31,ฝศย. ฝ่ายเศรษฐกิจยาง,A03-1,ค่าจ้างเหมาบริการรักษาความปลอดภัย,45000.00,,นำเข้าจากไฟล์ 49(1) · ยอดรวมเดือนตุลาคม
2024-11-30,ฝศย. ฝ่ายเศรษฐกิจยาง,A03-1,ค่าจ้างเหมาบริการรักษาความปลอดภัย,45000.00,,นำเข้าจากไฟล์ 49(1) · ยอดรวมเดือนพฤศจิกายน
2024-12-31,ฝศย. ฝ่ายเศรษฐกิจยาง,A03-1,ค่าจ้างเหมาบริการรักษาความปลอดภัย,45000.00,,นำเข้าจากไฟล์ 49(1) · ยอดรวมเดือนธันวาคม
2025-01-31,ฝศย. ฝ่ายเศรษฐกิจยาง,A03-1,ค่าจ้างเหมาบริการรักษาความปลอดภัย,45000.00,,นำเข้าจากไฟล์ 49(1) · ยอดรวมเดือนมกราคม
2025-02-28,ฝศย. ฝ่ายเศรษฐกิจยาง,A03-1,ค่าจ้างเหมาบริการรักษาความปลอดภัย,45000.00,,นำเข้าจากไฟล์ 49(1) · ยอดรวมเดือนกุมภาพันธ์
2025-03-31,ฝศย. ฝ่ายเศรษฐกิจยาง,A03-1,ค่าจ้างเหมาบริการรักษาความปลอดภัย,45000.00,,นำเข้าจากไฟล์ 49(1) · ยอดรวมเดือนมีนาคม
2025-04-30,ฝศย. ฝ่ายเศรษฐกิจยาง,A03-1,ค่าจ้างเหมาบริการรักษาความปลอดภัย,45000.00,,นำเข้าจากไฟล์ 49(1) · ยอดรวมเดือนเมษายน
2025-05-31,ฝศย. ฝ่ายเศรษฐกิจยาง,A03-1,ค่าจ้างเหมาบริการรักษาความปลอดภัย,45000.00,,นำเข้าจากไฟล์ 49(1) · ยอดรวมเดือนพฤษภาคม
2025-06-30,ฝศย. ฝ่ายเศรษฐกิจยาง,A03-1,ค่าจ้างเหมาบริการรักษาความปลอดภัย,45000.00,,นำเข้าจากไฟล์ 49(1) · ยอดรวมเดือนมิถุนายน
2025-07-31,ฝศย. ฝ่ายเศรษฐกิจยาง,A03-1,ค่าจ้างเหมาบริการรักษาความปลอดภัย,45000.00,,นำเข้าจากไฟล์ 49(1) · ยอดรวมเดือนกรกฎาคม
2025-08-31,ฝศย. ฝ่ายเศรษฐกิจยาง,A03-1,ค่าจ้างเหมาบริการรักษาความปลอดภัย,45000.00,,นำเข้าจากไฟล์ 49(1) · ยอดรวมเดือนสิงหาคม
2025-09-30,ฝศย. ฝ่ายเศรษฐกิจยาง,A03-1,ค่าจ้างเหมาบริการรักษาความปลอดภัย,45000.00,,นำเข้าจากไฟล์ 49(1) · ยอดรวมเดือนกันยายน
2024-10-31,ฝศย. ฝ่ายเศรษฐกิจยาง,A03-2,ค่าจ้างเหมาบริการตัดหญ้า,2500.00,,นำเข้าจากไฟล์ 49(1) · ยอดรวมเดือนตุลาคม
2024-11-30,ฝศย. ฝ่ายเศรษฐกิจยาง,A03-2,ค่าจ้างเหมาบริการตัดหญ้า,2500.00,,นำเข้าจากไฟล์ 49(1) · ยอดรวมเดือนพฤศจิกายน
2024-12-31,ฝศย. ฝ่ายเศรษฐกิจยาง,A03-2,ค่าจ้างเหมาบริการตัดหญ้า,2500.00,,นำเข้าจากไฟล์ 49(1) · ยอดรวมเดือนธันวาคม
2025-01-31,ฝศย. ฝ่ายเศรษฐกิจยาง,A03-2,ค่าจ้างเหมาบริการตัดหญ้า,2500.00,,นำเข้าจากไฟล์ 49(1) · ยอดรวมเดือนมกราคม
2025-02-28,ฝศย. ฝ่ายเศรษฐกิจยาง,A03-2,ค่าจ้างเหมาบริการตัดหญ้า,2500.00,,นำเข้าจากไฟล์ 49(1) · ยอดรวมเดือนกุมภาพันธ์
2025-03-31,ฝศย. ฝ่ายเศรษฐกิจยาง,A03-2,ค่าจ้างเหมาบริการตัดหญ้า,2500.00,,นำเข้าจากไฟล์ 49(1) · ยอดรวมเดือนมีนาคม
2025-04-30,ฝศย. ฝ่ายเศรษฐกิจยาง,A03-2,ค่าจ้างเหมาบริการตัดหญ้า,2500.00,,นำเข้าจากไฟล์ 49(1) · ยอดรวมเดือนเมษายน
2025-05-31,ฝศย. ฝ่ายเศรษฐกิจยาง,A03-2,ค่าจ้างเหมาบริการตัดหญ้า,2500.00,,นำเข้าจากไฟล์ 49(1) · ยอดรวมเดือนพฤษภาคม
2025-06-30,ฝศย. ฝ่ายเศรษฐกิจยาง,A03-2,ค่าจ้างเหมาบริการตัดหญ้า,2500.00,,นำเข้าจากไฟล์ 49(1) · ยอดรวมเดือนมิถุนายน
2025-07-31,ฝศย. ฝ่ายเศรษฐกิจยาง,A03-2,ค่าจ้างเหมาบริการตัดหญ้า,2500.00,,นำเข้าจากไฟล์ 49(1) · ยอดรวมเดือนกรกฎาคม
2025-08-31,ฝศย. ฝ่ายเศรษฐกิจยาง,A03-2,ค่าจ้างเหมาบริการตัดหญ้า,2500.00,,นำเข้าจากไฟล์ 49(1) · ยอดรวมเดือนสิงหาคม
2025-09-30,ฝศย. ฝ่ายเศรษฐกิจยาง,A03-2,ค่าจ้างเหมาบริการตัดหญ้า,2500.00,,นำเข้าจากไฟล์ 49(1) · ยอดรวมเดือนกันยายน
2025-03-31,ฝศย. ฝ่ายเศรษฐกิจยาง,A03-3,ค่าจ้างเหมาบริการกำจัดปลวก,6000.00,,นำเข้าจากไฟล์ 49(1) · ยอดรวมเดือนมีนาคม
2025-09-30,ฝศย. ฝ่ายเศรษฐกิจยาง,A03-3,ค่าจ้างเหมาบริการกำจัดปลวก,6000.00,,นำเข้าจากไฟล์ 49(1) · ยอดรวมเดือนกันยายน
2024-10-31,ฝศย. ฝ่ายเศรษฐกิจยาง,A03-9,ค่าจ้างเหมาทำความสะอาดรอบอาคาร,1000.00,,นำเข้าจากไฟล์ 49(1) · ยอดรวมเดือนตุลาคม
2024-11-30,ฝศย. ฝ่ายเศรษฐกิจยาง,A03-9,ค่าจ้างเหมาทำความสะอาดรอบอาคาร,1000.00,,นำเข้าจากไฟล์ 49(1) · ยอดรวมเดือนพฤศจิกายน
2024-12-31,ฝศย. ฝ่ายเศรษฐกิจยาง,A03-9,ค่าจ้างเหมาทำความสะอาดรอบอาคาร,1000.00,,นำเข้าจากไฟล์ 49(1) · ยอดรวมเดือนธันวาคม
2025-01-31,ฝศย. ฝ่ายเศรษฐกิจยาง,A03-9,ค่าจ้างเหมาทำความสะอาดรอบอาคาร,1000.00,,นำเข้าจากไฟล์ 49(1) · ยอดรวมเดือนมกราคม
2025-02-28,ฝศย. ฝ่ายเศรษฐกิจยาง,A03-9,ค่าจ้างเหมาทำความสะอาดรอบอาคาร,1000.00,,นำเข้าจากไฟล์ 49(1) · ยอดรวมเดือนกุมภาพันธ์
2025-03-31,ฝศย. ฝ่ายเศรษฐกิจยาง,A03-9,ค่าจ้างเหมาทำความสะอาดรอบอาคาร,1000.00,,นำเข้าจากไฟล์ 49(1) · ยอดรวมเดือนมีนาคม
2025-04-30,ฝศย. ฝ่ายเศรษฐกิจยาง,A03-9,ค่าจ้างเหมาทำความสะอาดรอบอาคาร,1000.00,,นำเข้าจากไฟล์ 49(1) · ยอดรวมเดือนเมษายน
2025-05-31,ฝศย. ฝ่ายเศรษฐกิจยาง,A03-9,ค่าจ้างเหมาทำความสะอาดรอบอาคาร,1000.00,,นำเข้าจากไฟล์ 49(1) · ยอดรวมเดือนพฤษภาคม
2025-06-30,ฝศย. ฝ่ายเศรษฐกิจยาง,A03-9,ค่าจ้างเหมาทำความสะอาดรอบอาคาร,1000.00,,นำเข้าจากไฟล์ 49(1) · ยอดรวมเดือนมิถุนายน
2025-07-31,ฝศย. ฝ่ายเศรษฐกิจยาง,A03-9,ค่าจ้างเหมาทำความสะอาดรอบอาคาร,1000.00,,นำเข้าจากไฟล์ 49(1) · ยอดรวมเดือนกรกฎาคม
2025-08-31,ฝศย. ฝ่ายเศรษฐกิจยาง,A03-9,ค่าจ้างเหมาทำความสะอาดรอบอาคาร,1000.00,,นำเข้าจากไฟล์ 49(1) · ยอดรวมเดือนสิงหาคม
2025-09-30,ฝศย. ฝ่ายเศรษฐกิจยาง,A03-9,ค่าจ้างเหมาทำความสะอาดรอบอาคาร,1000.00,,นำเข้าจากไฟล์ 49(1) · ยอดรวมเดือนกันยายน
2025-10-31,ฝศย. ฝ่ายเศรษฐกิจยาง,A01,ค่าใช้จ่ายเดินทาง,14122.50,,นำเข้าจากไฟล์ 49(1) · ยอดรวมเดือนตุลาคม
2025-11-30,ฝศย. ฝ่ายเศรษฐกิจยาง,A01,ค่าใช้จ่ายเดินทาง,560.00,,นำเข้าจากไฟล์ 49(1) · ยอดรวมเดือนพฤศจิกายน
2025-11-30,ฝศย. ฝ่ายเศรษฐกิจยาง,A04,ค่าซ่อมแซมครุภัณฑ์,5980.00,,นำเข้าจากไฟล์ 49(1) · ยอดรวมเดือนพฤศจิกายน
2026-08-31,ฝศย. ฝ่ายเศรษฐกิจยาง,A05,ค่าซ่อมแซมเครื่องปรับอากาศ,10000.00,,นำเข้าจากไฟล์ 49(1) · ยอดรวมเดือนสิงหาคม
2025-10-31,ฝศย. ฝ่ายเศรษฐกิจยาง,A09,ค่าวัสดุสำนักงาน,2824.00,,นำเข้าจากไฟล์ 49(1) · ยอดรวมเดือนตุลาคม
2025-10-31,ฝศย. ฝ่ายเศรษฐกิจยาง,A11,ค่าวัสดุงานบ้านและงานครัว,9416.00,,นำเข้าจากไฟล์ 49(1) · ยอดรวมเดือนตุลาคม
2025-10-31,ฝศย. ฝ่ายเศรษฐกิจยาง,A14,ค่าภาษีรถยนต์เเละรถจักรยานยนต์,1997.00,,นำเข้าจากไฟล์ 49(1) · ยอดรวมเดือนตุลาคม
2025-10-31,ฝศย. ฝ่ายเศรษฐกิจยาง,A16,ค่าเช่าที่ดิน/ที่ราชพัสดุ,545878.00,,นำเข้าจากไฟล์ 49(1) · ยอดรวมเดือนตุลาคม
2025-11-30,ฝศย. ฝ่ายเศรษฐกิจยาง,A17,ค่ารับรอง,5000.00,,นำเข้าจากไฟล์ 49(1) · ยอดรวมเดือนพฤศจิกายน
2026-06-30,ฝศย. ฝ่ายเศรษฐกิจยาง,A17,ค่ารับรอง,5000.00,,นำเข้าจากไฟล์ 49(1) · ยอดรวมเดือนมิถุนายน
2026-09-30,ฝศย. ฝ่ายเศรษฐกิจยาง,A17,ค่ารับรอง,3240.00,,นำเข้าจากไฟล์ 49(1) · ยอดรวมเดือนกันยายน
2025-10-31,ฝศย. ฝ่ายเศรษฐกิจยาง,A03-1,ค่าจ้างเหมาบริการรักษาความปลอดภัย,46200.00,,นำเข้าจากไฟล์ 49(1) · ยอดรวมเดือนตุลาคม
2025-11-30,ฝศย. ฝ่ายเศรษฐกิจยาง,A03-1,ค่าจ้างเหมาบริการรักษาความปลอดภัย,46200.00,,นำเข้าจากไฟล์ 49(1) · ยอดรวมเดือนพฤศจิกายน
2025-12-31,ฝศย. ฝ่ายเศรษฐกิจยาง,A03-1,ค่าจ้างเหมาบริการรักษาความปลอดภัย,46200.00,,นำเข้าจากไฟล์ 49(1) · ยอดรวมเดือนธันวาคม
2026-01-31,ฝศย. ฝ่ายเศรษฐกิจยาง,A03-1,ค่าจ้างเหมาบริการรักษาความปลอดภัย,46200.00,,นำเข้าจากไฟล์ 49(1) · ยอดรวมเดือนมกราคม
2026-02-28,ฝศย. ฝ่ายเศรษฐกิจยาง,A03-1,ค่าจ้างเหมาบริการรักษาความปลอดภัย,46200.00,,นำเข้าจากไฟล์ 49(1) · ยอดรวมเดือนกุมภาพันธ์
2026-03-31,ฝศย. ฝ่ายเศรษฐกิจยาง,A03-1,ค่าจ้างเหมาบริการรักษาความปลอดภัย,46200.00,,นำเข้าจากไฟล์ 49(1) · ยอดรวมเดือนมีนาคม
2026-04-30,ฝศย. ฝ่ายเศรษฐกิจยาง,A03-1,ค่าจ้างเหมาบริการรักษาความปลอดภัย,46200.00,,นำเข้าจากไฟล์ 49(1) · ยอดรวมเดือนเมษายน
2026-05-31,ฝศย. ฝ่ายเศรษฐกิจยาง,A03-1,ค่าจ้างเหมาบริการรักษาความปลอดภัย,46200.00,,นำเข้าจากไฟล์ 49(1) · ยอดรวมเดือนพฤษภาคม
2026-06-30,ฝศย. ฝ่ายเศรษฐกิจยาง,A03-1,ค่าจ้างเหมาบริการรักษาความปลอดภัย,46200.00,,นำเข้าจากไฟล์ 49(1) · ยอดรวมเดือนมิถุนายน
2026-07-31,ฝศย. ฝ่ายเศรษฐกิจยาง,A03-1,ค่าจ้างเหมาบริการรักษาความปลอดภัย,46200.00,,นำเข้าจากไฟล์ 49(1) · ยอดรวมเดือนกรกฎาคม
2026-08-31,ฝศย. ฝ่ายเศรษฐกิจยาง,A03-1,ค่าจ้างเหมาบริการรักษาความปลอดภัย,46200.00,,นำเข้าจากไฟล์ 49(1) · ยอดรวมเดือนสิงหาคม
2025-10-31,ฝศย. ฝ่ายเศรษฐกิจยาง,A03-2,ค่าจ้างเหมาบริการตัดหญ้า,2500.00,,นำเข้าจากไฟล์ 49(1) · ยอดรวมเดือนตุลาคม
2025-11-30,ฝศย. ฝ่ายเศรษฐกิจยาง,A03-2,ค่าจ้างเหมาบริการตัดหญ้า,2500.00,,นำเข้าจากไฟล์ 49(1) · ยอดรวมเดือนพฤศจิกายน
2025-12-31,ฝศย. ฝ่ายเศรษฐกิจยาง,A03-2,ค่าจ้างเหมาบริการตัดหญ้า,2500.00,,นำเข้าจากไฟล์ 49(1) · ยอดรวมเดือนธันวาคม
2026-01-31,ฝศย. ฝ่ายเศรษฐกิจยาง,A03-2,ค่าจ้างเหมาบริการตัดหญ้า,2500.00,,นำเข้าจากไฟล์ 49(1) · ยอดรวมเดือนมกราคม
2026-02-28,ฝศย. ฝ่ายเศรษฐกิจยาง,A03-2,ค่าจ้างเหมาบริการตัดหญ้า,2500.00,,นำเข้าจากไฟล์ 49(1) · ยอดรวมเดือนกุมภาพันธ์
2026-03-31,ฝศย. ฝ่ายเศรษฐกิจยาง,A03-2,ค่าจ้างเหมาบริการตัดหญ้า,2500.00,,นำเข้าจากไฟล์ 49(1) · ยอดรวมเดือนมีนาคม
2026-04-30,ฝศย. ฝ่ายเศรษฐกิจยาง,A03-2,ค่าจ้างเหมาบริการตัดหญ้า,2500.00,,นำเข้าจากไฟล์ 49(1) · ยอดรวมเดือนเมษายน
2026-05-31,ฝศย. ฝ่ายเศรษฐกิจยาง,A03-2,ค่าจ้างเหมาบริการตัดหญ้า,2500.00,,นำเข้าจากไฟล์ 49(1) · ยอดรวมเดือนพฤษภาคม
2026-06-30,ฝศย. ฝ่ายเศรษฐกิจยาง,A03-2,ค่าจ้างเหมาบริการตัดหญ้า,2500.00,,นำเข้าจากไฟล์ 49(1) · ยอดรวมเดือนมิถุนายน
2026-07-31,ฝศย. ฝ่ายเศรษฐกิจยาง,A03-2,ค่าจ้างเหมาบริการตัดหญ้า,2500.00,,นำเข้าจากไฟล์ 49(1) · ยอดรวมเดือนกรกฎาคม
2026-08-31,ฝศย. ฝ่ายเศรษฐกิจยาง,A03-2,ค่าจ้างเหมาบริการตัดหญ้า,2500.00,,นำเข้าจากไฟล์ 49(1) · ยอดรวมเดือนสิงหาคม
2026-03-31,ฝศย. ฝ่ายเศรษฐกิจยาง,A03-3,ค่าจ้างเหมาบริการกำจัดปลวก,6000.00,,นำเข้าจากไฟล์ 49(1) · ยอดรวมเดือนมีนาคม
2026-08-31,ฝศย. ฝ่ายเศรษฐกิจยาง,A03-8,ค่าจ้างเหมาบริการบำรุงรักษาแอร์,20000.00,,นำเข้าจากไฟล์ 49(1) · ยอดรวมเดือนสิงหาคม
2025-10-31,ฝศย. ฝ่ายเศรษฐกิจยาง,A03-9,ค่าจ้างเหมาทำความสะอาดรอบอาคาร,1000.00,,นำเข้าจากไฟล์ 49(1) · ยอดรวมเดือนตุลาคม
2025-11-30,ฝศย. ฝ่ายเศรษฐกิจยาง,A03-9,ค่าจ้างเหมาทำความสะอาดรอบอาคาร,1000.00,,นำเข้าจากไฟล์ 49(1) · ยอดรวมเดือนพฤศจิกายน
2025-12-31,ฝศย. ฝ่ายเศรษฐกิจยาง,A03-9,ค่าจ้างเหมาทำความสะอาดรอบอาคาร,1000.00,,นำเข้าจากไฟล์ 49(1) · ยอดรวมเดือนธันวาคม
2026-01-31,ฝศย. ฝ่ายเศรษฐกิจยาง,A03-9,ค่าจ้างเหมาทำความสะอาดรอบอาคาร,1000.00,,นำเข้าจากไฟล์ 49(1) · ยอดรวมเดือนมกราคม
2026-02-28,ฝศย. ฝ่ายเศรษฐกิจยาง,A03-9,ค่าจ้างเหมาทำความสะอาดรอบอาคาร,1000.00,,นำเข้าจากไฟล์ 49(1) · ยอดรวมเดือนกุมภาพันธ์
2026-03-31,ฝศย. ฝ่ายเศรษฐกิจยาง,A03-9,ค่าจ้างเหมาทำความสะอาดรอบอาคาร,1000.00,,นำเข้าจากไฟล์ 49(1) · ยอดรวมเดือนมีนาคม
2026-04-30,ฝศย. ฝ่ายเศรษฐกิจยาง,A03-9,ค่าจ้างเหมาทำความสะอาดรอบอาคาร,1000.00,,นำเข้าจากไฟล์ 49(1) · ยอดรวมเดือนเมษายน
2026-05-31,ฝศย. ฝ่ายเศรษฐกิจยาง,A03-9,ค่าจ้างเหมาทำความสะอาดรอบอาคาร,1000.00,,นำเข้าจากไฟล์ 49(1) · ยอดรวมเดือนพฤษภาคม
2026-06-30,ฝศย. ฝ่ายเศรษฐกิจยาง,A03-9,ค่าจ้างเหมาทำความสะอาดรอบอาคาร,1000.00,,นำเข้าจากไฟล์ 49(1) · ยอดรวมเดือนมิถุนายน
2026-07-31,ฝศย. ฝ่ายเศรษฐกิจยาง,A03-9,ค่าจ้างเหมาทำความสะอาดรอบอาคาร,1000.00,,นำเข้าจากไฟล์ 49(1) · ยอดรวมเดือนกรกฎาคม
2026-08-31,ฝศย. ฝ่ายเศรษฐกิจยาง,A03-9,ค่าจ้างเหมาทำความสะอาดรอบอาคาร,1000.00,,นำเข้าจากไฟล์ 49(1) · ยอดรวมเดือนสิงหาคม